{
	"templateCode": "fm_150_international_Yg4Zf06w_sxZs3A5D",
	"fileType": "pdf",
	"documents": [{
		"masterWaybillNo": "SF6026001464668",
		"branchWaybillNo": "",
		"seq": 1,
		"sum": "",
		"pickupEmpNo": "",
		"systemSource": "scp",
		"isPrintLogo": "true",
		"printNum": "",
		"printDateTime": "2021年1月22日上午9點49",
		"agingType": "T4",
		"destRouteLabel": "852",
		"fromName": "張三豐",
		"fromPhone": " 15786456666",
		"fromAddress": "香港葵青區青衣香港圖書文具有限公司",
		"fromOrgName": "",
		"toName": "張翠山",
		"toPhone": " 15786458888",
		"toOrgName": "",
		"toAddress": "香港黃大仙區神羅科技有限公司",
		"destTeamCode": "",
		"isCod": "false",
		"payment": "寄付现结",
		"codingMapping": "",
		"twoDimensionCode": "MMM={'k1':'852','k2':'852','k3':'','k4':'T4','k5':'SF6026001464668','k6':'','k7':'b0cf9219'}",
		"abFlag": "",
		"incrementService": "",
		"codingMappingOut": "",
		"entrustedArticles": "",
		"chargedWeight": 0.5,
		"actualWeight": "",
		"costTotal": 22,
		"remark": "",
		"printIcons": ["标快"],
		"productType": "順豐標快",
		"collectMoney": "",
		"transPrice": 22,
		"receiptTime": "",
		"packageNumber": 0,
		"taxMoney": "",
		"taxPayment": "",
		"isPrintStubLogo": "true",
		"declaredValue": "",
		"reffNo": "",
		"fromCountryCode": "",
		"toCountryCode": "852",
		"customLogoBase64": "",
		"signReturn": "",
		"insurePrice": "",
		"transPriceUnit": "HKD",
		"declaredValueUnit": "",
		"languageTC": "true"
	}]
}

