[{
	"customerOrderNo": "O20211108143666666",
	"receiveName": "丰一样的男人",
	"receiveTel": "95338",
	"receiveAddress": "武侯区创业路111号",
	"receiveProvince": "四川省",
	"receiveCity": "成都市",
	"receiveCounty": "武侯区",
	"receiveCompany": "四川顺丰速运",
	"sendName": "顺丰",
	"sendTel": "95338",
	"sendAddress": "武侯区创业路1号",
	"sendProvince": "四川省",
	"sendCity": "成都市",
	"sendCounty": "武侯区",
	"sendCompany": "四川顺丰速运",
	"batchNo": "2019112801",
	"payType": 1,
	"monthlyCust": "9999999999",
	"expressType": "1",
	"bspType": 1,
	"isDoCall": 1,
	"productName": "文件",
	"packageNumber": 1,
	"productWeight": "1.5",
	"productCodes": [2021111001,202111100111,202111100123],
	"remark": "我是备注"
}]